DD.n.l,0.18423771858215332
UD.five.Shift.r,0.6657111644744873
DD.five.Shift.r,0.5458524227142334
H.Shift.r,0.14666318893432617
UD.n.l,0.2605152130126953
DD.l.Return,0.24896883964538574
H.period,0.08110570907592773
UD.period.t,0.3746764659881592
H.o,0.06642389297485352
H.l,0.08145260810852051
subject,nilesh
H.t,0.1155238151550293
DD.a.n,0.09188008308410645
UD.a.n,0.21064162254333496
DD.t.i,0.17830371856689453
UD.l.Return,0.33042144775390625
H.n,0.07627749443054199
UD.o.a,0.2727019786834717
DD.Shift.r.o,0.16959285736083984
rep,1
UD.e.5,0.4180929660797119
UD.Shift.r.o,0.316256046295166
DD.o.a,0.20627808570861816
H.i,0.09604406356811523
H.a,0.11876153945922852
UD.i.e,0.3549368381500244
DD.e.5,0.284132719039917
UD.t.i,0.29382753372192383
H.e,0.13396024703979492
sessionIndex,1
H.Return,0.06803512573242188
H.five,0.1198587417602539
DD.period.t,0.29357075691223145
DD.i.e,0.2588927745819092
DD.n.l,0.2123432159423828
UD.five.Shift.r,0.7724101543426514
DD.five.Shift.r,0.6542327404022217
H.Shift.r,0.15065979957580566
UD.n.l,0.2868833541870117
DD.l.Return,0.2653071880340576
H.period,0.06166338920593262
UD.period.t,0.8432984352111816
H.o,0.0866544246673584
H.l,0.09367561340332031
subject,nilesh
H.t,0.12728500366210938
DD.a.n,0.09906959533691406
UD.a.n,0.20897579193115234
DD.t.i,0.1486799716949463
UD.l.Return,0.35898280143737793
H.n,0.0745401382446289
UD.o.a,0.2881624698638916
DD.Shift.r.o,0.18311834335327148
rep,2
UD.e.5,0.4469478130340576
UD.Shift.r.o,0.33377814292907715
DD.o.a,0.2015080451965332
H.i,0.08422541618347168
H.a,0.10990619659423828
UD.i.e,0.3853416442871094
DD.e.5,0.303314208984375
UD.t.i,0.27596497535705566
H.e,0.14363360404968262
sessionIndex,1
H.Return,0.06712651252746582
H.five,0.11817741394042969
DD.period.t,0.781635046005249
DD.i.e,0.3011162281036377
DD.n.l,0.20150542259216309
UD.five.Shift.r,0.7210433483123779
DD.five.Shift.r,0.5844516754150391
H.Shift.r,0.16234493255615234
UD.n.l,0.27947402000427246
DD.l.Return,0.27817440032958984
H.period,0.09521722793579102
UD.period.t,0.42905259132385254
H.o,0.08971023559570312
H.l,0.09704113006591797
subject,nilesh
H.t,0.13114237785339355
DD.a.n,0.08583784103393555
UD.a.n,0.22446918487548828
DD.t.i,0.1549851894378662
UD.l.Return,0.3752155303955078
H.n,0.07796859741210938
UD.o.a,0.3115377426147461
DD.Shift.r.o,0.16387939453125
rep,3
UD.e.5,0.48256349563598633
UD.Shift.r.o,0.32622432708740234
DD.o.a,0.22182750701904297
H.i,0.08894848823547363
H.a,0.13863134384155273
UD.i.e,0.3752775192260742
DD.e.5,0.3434610366821289
UD.t.i,0.28612756729125977
H.e,0.13910245895385742
sessionIndex,1
H.Return,0.08843517303466797
H.five,0.13659167289733887
DD.period.t,0.3338353633880615
DD.i.e,0.2863290309906006
DD.n.l,0.20838427543640137
UD.five.Shift.r,0.8379576206207275
DD.five.Shift.r,0.7104630470275879
H.Shift.r,0.17613673210144043
UD.n.l,0.2919154167175293
DD.l.Return,0.29314279556274414
H.period,0.10012698173522949
UD.period.t,0.5157120227813721
H.o,0.12651348114013672
H.l,0.10742807388305664
subject,nilesh
H.t,0.12171411514282227
DD.a.n,0.13280844688415527
UD.a.n,0.262115478515625
DD.t.i,0.07812047004699707
UD.l.Return,0.4005708694458008
H.n,0.08353114128112793
UD.o.a,0.2945592403411865
DD.Shift.r.o,0.19510245323181152
rep,4
UD.e.5,0.4612596035003662
UD.Shift.r.o,0.37123918533325195
DD.o.a,0.1680457592010498
H.i,0.07148265838623047
H.a,0.12930703163146973
UD.i.e,0.40211009979248047
DD.e.5,0.31633496284484863
UD.t.i,0.19983458518981934
H.e,0.14492464065551758
sessionIndex,1
H.Return,0.1026761531829834
H.five,0.12749457359313965
DD.period.t,0.4155850410461426
DD.i.e,0.33062744140625
DD.n.l,0.2003307342529297
UD.five.Shift.r,-3.4852354526519775
DD.five.Shift.r,-3.604686975479126
H.Shift.r,-4.124507427215576
UD.n.l,0.27634239196777344
DD.l.Return,0.2956278324127197
H.period,0.10468149185180664
UD.period.t,0.3380160331726074
H.o,0.10926580429077148
H.l,0.10062050819396973
subject,nilesh
H.t,0.12414026260375977
DD.a.n,0.10865235328674316
UD.a.n,0.2197887897491455
DD.t.i,0.12158632278442383
UD.l.Return,0.39624834060668945
H.n,0.07601165771484375
UD.o.a,0.2917964458465576
DD.Shift.r.o,4.58868932723999
rep,5
UD.e.5,0.43119120597839355
UD.Shift.r.o,0.46418190002441406
DD.o.a,0.18253064155578613
H.i,0.08485674858093262
H.a,0.11113643646240234
UD.i.e,0.28395676612854004
DD.e.5,0.31401991844177246
UD.t.i,0.2457265853881836
H.e,0.1171712875366211
sessionIndex,1
H.Return,0.09900760650634766
H.five,0.11945152282714844
DD.period.t,0.23333454132080078
DD.i.e,0.19910001754760742
DD.n.l,0.1898329257965088
UD.five.Shift.r,0.761751651763916
DD.five.Shift.r,0.6251955032348633
H.Shift.r,0.09974861145019531
DD.l.Return,0.2247631549835205
H.period,0.059242963790893555
UD.period.t,0.6740391254425049
H.o,0.08040094375610352
H.l,0.07278156280517578
subject,nilesh
H.t,0.1033940315246582
DD.a.n,0.020009517669677734
DD.t.i,0.0462956428527832
UD.l.Return,0.2975447177886963
H.n,0.06445074081420898
UD.o.a,0.25434136390686035
DD.Shift.r.o,0.345339298248291
rep,6
UD.e.5,0.4250452518463135
UD.n.l,0.2542836666107178
DD.o.a,0.17394042015075684
H.i,0.06201577186584473
H.a,0.13100719451904297
UD.i.e,0.48102235794067383
DD.e.5,0.309002161026001
UD.a.n,0.1510167121887207
UD.Shift.r.o,0.44508790969848633
H.e,0.1160430908203125
UD.t.i,0.1496896743774414
sessionIndex,1
H.Return,0.07169246673583984
H.five,0.13655614852905273
DD.period.t,0.6147961616516113
DD.i.e,0.4190065860748291
DD.n.l,0.19622230529785156
UD.five.Shift.r,0.7604575157165527
DD.five.Shift.r,0.662517786026001
H.Shift.r,0.0785074234008789
DD.l.Return,0.2869603633880615
H.period,0.06614255905151367
UD.period.t,0.6331984996795654
H.o,0.06837320327758789
H.l,0.08305835723876953
subject,nilesh
H.t,0.12676644325256348
DD.a.n,0.05403637886047363
DD.t.i,0.19361662864685059
UD.l.Return,0.37001872062683105
H.n,0.0699613094329834
UD.o.a,0.23096823692321777
DD.Shift.r.o,0.38619565963745117
rep,7
UD.e.5,0.7799651622772217
UD.n.l,0.26618361473083496
DD.o.a,0.16259503364562988
H.i,0.06815004348754883
H.a,0.11170530319213867
UD.i.e,0.41513848304748535
DD.e.5,0.6771702766418457
UD.a.n,0.1657416820526123
UD.Shift.r.o,0.4647030830383301
H.e,0.10279488563537598
UD.t.i,0.32038307189941406
sessionIndex,1
H.Return,0.054105520248413086
H.five,0.09793972969055176
DD.period.t,0.5670559406280518
DD.i.e,0.3469884395599365
DD.n.l,0.17682671546936035
UD.five.Shift.r,0.7385909557342529
DD.five.Shift.r,0.6068966388702393
H.Shift.r,0.06105232238769531
DD.l.Return,0.2439436912536621
H.period,0.07533001899719238
UD.period.t,0.4688112735748291
H.o,0.10185670852661133
H.l,0.08331012725830078
subject,nilesh
H.t,0.09437870979309082
DD.a.n,0.040769100189208984
DD.t.i,0.11316514015197754
UD.l.Return,0.3272538185119629
H.n,0.06113862991333008
UD.o.a,0.24059247970581055
DD.Shift.r.o,0.35324740409851074
rep,8
UD.e.5,0.5474786758422852
UD.n.l,0.23796534538269043
DD.o.a,0.13873577117919922
H.i,0.057399749755859375
H.a,0.10201048851013184
UD.i.e,0.3722701072692871
DD.e.5,0.444904088973999
UD.a.n,0.14277958869934082
UD.Shift.r.o,0.41429972648620605
H.e,0.10257458686828613
UD.t.i,0.20754384994506836
sessionIndex,1
H.Return,0.07683658599853516
H.five,0.13169431686401367
DD.period.t,0.3934812545776367
DD.i.e,0.31487035751342773
DD.n.l,0.2201859951019287
UD.five.Shift.r,0.7104096412658691
DD.five.Shift.r,0.5778026580810547
H.Shift.r,0.13945794105529785
DD.l.Return,0.3199770450592041
H.period,0.07795023918151855
UD.period.t,0.4290049076080322
H.o,0.07407855987548828
H.l,0.0789327621459961
subject,nilesh
H.t,0.11446642875671387
DD.a.n,0.07029080390930176
DD.t.i,0.12700462341308594
UD.l.Return,0.3989098072052002
H.n,0.058257341384887695
UD.o.a,0.2551405429840088
DD.Shift.r.o,0.2492082118988037
rep,9
UD.e.5,0.5691871643066406
UD.n.l,0.2784433364868164
DD.o.a,0.1810619831085205
H.i,0.07049083709716797
H.a,0.11707592010498047
UD.i.e,0.326627254486084
DD.e.5,0.46661972999572754
UD.a.n,0.18736672401428223
UD.Shift.r.o,0.38866615295410156
H.e,0.10256743431091309
UD.t.i,0.2414710521697998
sessionIndex,1
H.Return,0.06085348129272461
H.five,0.13260698318481445
DD.period.t,0.35105466842651367
DD.i.e,0.256136417388916
DD.n.l,0.20528888702392578
UD.five.Shift.r,0.7921936511993408
DD.five.Shift.r,0.6627161502838135
H.Shift.r,0.1517932415008545
DD.l.Return,0.385439395904541
H.period,0.07318258285522461
UD.period.t,0.5367224216461182
H.o,0.07816576957702637
H.l,0.0959928035736084
subject,nilesh
H.t,0.10127854347229004
DD.a.n,0.08774232864379883
DD.t.i,0.11673164367675781
UD.l.Return,0.4814321994781494
H.n,0.05539512634277344
UD.o.a,0.23805546760559082
DD.Shift.r.o,0.25971221923828125
rep,10
UD.e.5,0.4237692356109619
UD.n.l,0.2606840133666992
DD.o.a,0.15988969802856445
H.i,0.06845211982727051
H.a,0.10820746421813965
UD.i.e,0.3616523742675781
DD.e.5,0.33020758628845215
UD.a.n,0.19594979286193848
UD.Shift.r.o,0.41150546073913574
H.e,0.09356164932250977
UD.t.i,0.21801018714904785
sessionIndex,1
H.Return,0.07088828086853027
H.five,0.12947750091552734
DD.period.t,0.46353983879089355
DD.i.e,0.2932002544403076
DD.n.l,0.20679426193237305
UD.five.Shift.r,0.7360031604766846
DD.five.Shift.r,0.6131818294525146
H.Shift.r,0.16754388809204102
DD.l.Return,0.2999098300933838
H.period,0.07399559020996094
UD.period.t,0.46645331382751465
H.o,0.08209967613220215
H.l,0.07642340660095215
subject,nilesh
H.t,0.09010505676269531
DD.a.n,0.08056473731994629
DD.t.i,0.0879201889038086
UD.l.Return,0.37633323669433594
H.n,0.06470918655395508
UD.o.a,0.28955650329589844
DD.Shift.r.o,0.18972063064575195
rep,11
UD.e.5,0.40560269355773926
UD.n.l,0.2715034484863281
DD.o.a,0.2074568271636963
H.i,0.06899738311767578
H.a,0.1211392879486084
UD.i.e,0.3584723472595215
DD.e.5,0.2939572334289551
UD.a.n,0.2017040252685547
UD.Shift.r.o,0.35726451873779297
H.e,0.11164546012878418
UD.t.i,0.1780252456665039
sessionIndex,1
H.Return,0.07212686538696289
H.five,0.12282133102416992
DD.period.t,0.3924577236175537
DD.i.e,0.2894749641418457
DD.n.l,0.1969144344329834
UD.five.Shift.r,-3.8243091106414795
DD.five.Shift.r,-3.9327235221862793
H.Shift.r,-4.37769889831543
DD.l.Return,0.33349609375
H.period,0.06856036186218262
UD.period.t,0.45806431770324707
H.o,0.08272552490234375
H.l,0.08150577545166016
subject,nilesh
H.t,0.10708260536193848
DD.a.n,0.049451351165771484
DD.t.i,0.12889337539672852
UD.l.Return,0.41500186920166016
H.n,0.06424331665039062
UD.o.a,0.2850000858306885
DD.Shift.r.o,4.763027906417847
rep,12
UD.e.5,0.3979952335357666
UD.n.l,0.261157751083374
DD.o.a,0.20227456092834473
H.i,0.07245397567749023
H.a,0.13249635696411133
UD.i.e,0.3064610958099365
DD.e.5,0.29064345359802246
UD.a.n,0.1819477081298828
UD.Shift.r.o,0.385329008102417
H.e,0.10735177993774414
UD.t.i,0.235975980758667
sessionIndex,1
H.Return,0.06547021865844727
H.five,0.1084144115447998
DD.period.t,0.38950395584106445
DD.i.e,0.2340071201324463
DD.n.l,0.1847226619720459
UD.five.Shift.r,0.659815788269043
DD.five.Shift.r,0.5491914749145508
H.Shift.r,0.1585690975189209
DD.l.Return,0.2217116355895996
H.period,0.06663203239440918
UD.period.t,0.40141963958740234
H.o,0.06096148490905762
H.l,0.07780098915100098
subject,nilesh
H.t,0.10546517372131348
DD.a.n,0.06528186798095703
DD.t.i,0.12361574172973633
UD.l.Return,0.2995126247406006
H.n,0.050400733947753906
UD.o.a,0.24010992050170898
DD.Shift.r.o,0.19864535331726074
rep,13
UD.e.5,0.39810705184936523
UD.n.l,0.2351233959197998
DD.o.a,0.17914843559265137
H.i,0.07349991798400879
H.a,0.12827539443969727
UD.i.e,0.3000614643096924
DD.e.5,0.29547810554504395
UD.a.n,0.1935572624206543
UD.Shift.r.o,0.35721445083618164
H.e,0.10262894630432129
UD.t.i,0.2290809154510498
sessionIndex,1
H.Return,0.08024859428405762
H.five,0.11062431335449219
DD.period.t,0.33478760719299316
DD.i.e,0.2265615463256836
DD.n.l,0.1860651969909668
UD.five.Shift.r,0.6875910758972168
DD.five.Shift.r,0.5814902782440186
H.Shift.r,0.13791775703430176
DD.l.Return,0.2600131034851074
H.period,0.07645726203918457
UD.period.t,0.3487262725830078
H.o,0.08683276176452637
H.l,0.07794404029846191
subject,nilesh
H.t,0.11224746704101562
DD.a.n,0.08534836769104004
DD.t.i,0.15361928939819336
UD.l.Return,0.33795714378356934
H.n,0.06950759887695312
UD.o.a,0.25129055976867676
DD.Shift.r.o,0.19849872589111328
rep,14
UD.e.5,0.41869068145751953
UD.n.l,0.2555727958679199
DD.o.a,0.1644577980041504
H.i,0.07195782661437988
H.a,0.11643314361572266
UD.i.e,0.3048279285430908
DD.e.5,0.30692052841186523
UD.a.n,0.2017815113067627
UD.Shift.r.o,0.33641648292541504
H.e,0.1117701530456543
UD.t.i,0.265866756439209
sessionIndex,1
H.Return,0.08229875564575195
H.five,0.10610079765319824
DD.period.t,0.27226901054382324
DD.i.e,0.23287010192871094
DD.n.l,0.21594452857971191
UD.five.Shift.r,0.6542150974273682
DD.five.Shift.r,0.5473921298980713
H.Shift.r,0.14410996437072754
DD.l.Return,1.1794698238372803
H.period,0.055130720138549805
UD.period.t,0.48336362838745117
H.o,0.07548308372497559
H.l,0.07450437545776367
subject,nilesh
H.t,0.11619877815246582
DD.a.n,0.03762459754943848
DD.t.i,0.12353992462158203
UD.l.Return,1.253974199295044
H.n,0.0530390739440918
UD.o.a,0.28728532791137695
DD.Shift.r.o,0.18018150329589844
rep,15
UD.e.5,0.37508678436279297
UD.n.l,0.2689836025238037
DD.o.a,0.21180224418640137
H.i,0.07024812698364258
H.a,0.13436317443847656
UD.i.e,0.267453670501709
DD.e.5,0.2784559726715088
UD.a.n,0.17198777198791504
UD.Shift.r.o,0.324291467666626
H.e,0.09663081169128418
UD.t.i,0.23973870277404785
sessionIndex,1
H.Return,0.08955812454223633
H.five,0.10682296752929688
DD.period.t,0.42823290824890137
DD.i.e,0.1972055435180664
DD.n.l,0.17168951034545898
UD.five.Shift.r,1.4875576496124268
DD.five.Shift.r,1.3725121021270752
H.Shift.r,0.13676929473876953
UD.n.l,0.2464461326599121
DD.l.Return,0.2453441619873047
H.period,0.06394314765930176
UD.period.t,0.40587282180786133
H.o,0.06475305557250977
H.l,0.07183027267456055
subject,nilesh
H.t,0.11825966835021973
DD.a.n,0.09851551055908203
UD.a.n,0.19181513786315918
DD.t.i,0.10225796699523926
UD.l.Return,0.31717443466186523
H.n,0.07475662231445312
UD.o.a,0.21020770072937012
DD.Shift.r.o,0.26103854179382324
rep,16
UD.e.5,0.5916688442230225
UD.Shift.r.o,0.3978078365325928
DD.o.a,0.14545464515686035
H.i,0.06299400329589844
H.a,0.09329962730407715
UD.i.e,0.3158421516418457
DD.e.5,0.48205137252807617
UD.t.i,0.22051763534545898
H.e,0.10961747169494629
sessionIndex,1
H.Return,0.06943583488464355
H.five,0.11504554748535156
DD.period.t,0.34192967414855957
DD.i.e,0.25284814834594727
DD.n.l,0.19294118881225586
UD.five.Shift.r,0.6353535652160645
DD.five.Shift.r,0.53780198097229
H.Shift.r,0.14221453666687012
UD.n.l,0.26639318466186523
DD.l.Return,0.23802542686462402
H.period,0.07189273834228516
UD.period.t,0.4769246578216553
H.o,0.07442688941955566
H.l,0.10830545425415039
subject,nilesh
H.t,0.09451436996459961
DD.a.n,0.06206989288330078
UD.a.n,0.17974448204040527
DD.t.i,0.11387991905212402
UD.l.Return,0.3463308811187744
H.n,0.07345199584960938
UD.o.a,0.23453068733215332
DD.Shift.r.o,0.18572163581848145
rep,17
UD.e.5,0.37410473823547363
UD.Shift.r.o,0.32793617248535156
DD.o.a,0.16010379791259766
H.i,0.06313419342041016
H.a,0.11767458915710449
UD.i.e,0.31131839752197266
DD.e.5,0.2652244567871094
UD.t.i,0.20839428901672363
H.e,0.10888028144836426
sessionIndex,1
H.Return,0.06833553314208984
H.five,0.09755158424377441
DD.period.t,0.4050319194793701
DD.i.e,0.2481842041015625
DD.n.l,0.23621582984924316
UD.five.Shift.r,0.6141872406005859
DD.five.Shift.r,0.4986119270324707
H.Shift.r,0.13796710968017578
UD.n.l,0.2935197353363037
DD.l.Return,0.26708483695983887
H.period,0.09203815460205078
UD.period.t,0.43396496772766113
H.o,0.07253050804138184
H.l,0.09415531158447266
subject,nilesh
H.t,0.11287379264831543
DD.a.n,0.07640862464904785
UD.a.n,0.2066946029663086
DD.t.i,0.10990571975708008
UD.l.Return,0.3612401485443115
H.n,0.05730390548706055
UD.o.a,0.24795746803283691
DD.Shift.r.o,0.16576814651489258
rep,18
UD.e.5,0.42734694480895996
UD.Shift.r.o,0.30373525619506836
DD.o.a,0.17542695999145508
H.i,0.06865334510803223
H.a,0.13028597831726074
UD.i.e,0.2576608657836914
DD.e.5,0.31578731536865234
UD.t.i,0.2227795124053955
H.e,0.11155962944030762
sessionIndex,1
H.Return,0.08845949172973633
H.five,0.11557531356811523
DD.period.t,0.34192681312561035
DD.i.e,0.18900752067565918
DD.n.l,0.19945812225341797
UD.five.Shift.r,0.6232857704162598
DD.five.Shift.r,0.5368335247039795
H.Shift.r,0.1295936107635498
UD.n.l,0.24450349807739258
DD.l.Return,0.2745962142944336
H.period,0.06276321411132812
UD.period.t,0.46627211570739746
H.o,0.07245349884033203
H.l,0.08891987800598145
subject,nilesh
H.t,0.11836719512939453
DD.a.n,0.07044243812561035
UD.a.n,0.17329812049865723
DD.t.i,0.08531785011291504
UD.l.Return,0.36351609230041504
H.n,0.04504537582397461
UD.o.a,0.24553894996643066
DD.Shift.r.o,0.16319036483764648
rep,19
UD.e.5,0.3944516181945801
UD.Shift.r.o,0.2927839756011963
DD.o.a,0.17308545112609863
H.i,0.05956554412841797
H.a,0.10285568237304688
UD.i.e,0.306729793548584
DD.e.5,0.28336167335510254
UD.t.i,0.20368504524230957
H.e,0.11108994483947754
sessionIndex,1
H.Return,0.0792996883392334
H.five,0.08645224571228027
DD.period.t,0.40350890159606934
DD.i.e,0.24716424942016602
DD.n.l,0.1973118782043457
UD.five.Shift.r,0.7190196514129639
DD.five.Shift.r,0.6027801036834717
H.Shift.r,0.12883806228637695
UD.n.l,0.25583958625793457
DD.l.Return,0.27060961723327637
H.period,0.06866693496704102
UD.period.t,0.39426636695861816
H.o,0.05980563163757324
H.l,0.08342766761779785
subject,nilesh
H.t,0.12843012809753418
DD.a.n,0.0728914737701416
UD.a.n,0.17542505264282227
DD.t.i,0.1439507007598877
UD.l.Return,0.3540372848510742
H.n,0.05852770805358887
UD.o.a,0.23959803581237793
DD.Shift.r.o,0.18624591827392578
rep,20
UD.e.5,0.5007188320159912
UD.Shift.r.o,0.31508398056030273
DD.o.a,0.1797924041748047
H.i,0.0730595588684082
H.a,0.10253357887268066
UD.i.e,0.2831156253814697
DD.e.5,0.38277745246887207
UD.t.i,0.2723808288574219
H.e,0.11794137954711914
sessionIndex,1
H.Return,0.0723271369934082
H.five,0.11623954772949219
DD.period.t,0.32559943199157715
DD.i.e,0.21005606651306152
DD.n.l,0.24357271194458008
UD.five.Shift.r,0.616396427154541
DD.five.Shift.r,0.47859835624694824
H.Shift.r,0.13722753524780273
UD.n.l,0.3217167854309082
DD.l.Return,0.2691781520843506
H.period,0.06972193717956543
UD.period.t,0.369067907333374
H.o,0.0695035457611084
H.l,0.11571931838989258
subject,nilesh
H.t,0.13347315788269043
DD.a.n,0.03961515426635742
DD.t.i,0.11209845542907715
UD.l.Return,0.38489747047424316
H.n,0.07814407348632812
UD.o.a,0.25554323196411133
DD.Shift.r.o,0.1625370979309082
rep,21
UD.e.5,0.39767003059387207
UD.Shift.r.o,0.29976463317871094
DD.o.a,0.18603968620300293
H.i,0.06682085990905762
H.a,0.12135720252990723
UD.i.e,0.28678345680236816
DD.e.5,0.2829887866973877
UD.a.n,0.16097235679626465
H.e,0.11468124389648438
UD.t.i,0.24557161331176758
sessionIndex,1
H.Return,0.10536479949951172
H.five,0.13779807090759277
DD.period.t,0.2993459701538086
DD.i.e,0.21996259689331055
DD.n.l,0.1957108974456787
UD.five.Shift.r,-4.578264474868774
DD.five.Shift.r,-4.701752424240112
H.Shift.r,-5.373157262802124
UD.n.l,0.2722618579864502
DD.l.Return,0.2404191493988037
H.period,0.06531238555908203
UD.period.t,0.3805966377258301
H.o,0.08420252799987793
H.l,0.09179401397705078
subject,nilesh
H.t,0.1070241928100586
DD.a.n,0.02930307388305664
DD.t.i,0.12503504753112793
UD.l.Return,0.3322131633758545
H.n,0.07655096054077148
UD.o.a,0.29010486602783203
DD.Shift.r.o,5.707039833068848
rep,22
UD.e.5,1.438084363937378
UD.Shift.r.o,0.33388257026672363
DD.o.a,0.2059023380279541
H.i,0.07611823081970215
H.a,0.12849903106689453
UD.i.e,0.2671658992767334
DD.e.5,1.325056791305542
UD.a.n,0.15780210494995117
H.e,0.11302757263183594
UD.t.i,0.23205924034118652
sessionIndex,1
H.Return,0.07394623756408691
H.five,0.12348794937133789
DD.period.t,0.31528425216674805
DD.i.e,0.19104766845703125
DD.n.l,0.17548561096191406
UD.five.Shift.r,-9.370204448699951
DD.five.Shift.r,-9.472890377044678
H.Shift.r,-9.911751747131348
UD.n.l,0.24998164176940918
DD.l.Return,0.26171207427978516
H.period,0.06616854667663574
UD.period.t,0.4272644519805908
H.o,0.06411480903625488
H.l,0.0842440128326416
subject,nilesh
H.t,0.10988879203796387
DD.a.n,0.0633084774017334
DD.t.i,0.08832430839538574
UD.l.Return,0.34595608711242676
H.n,0.07449603080749512
UD.o.a,0.2658982276916504
DD.Shift.r.o,10.196237325668335
rep,23
UD.e.5,0.6959550380706787
UD.Shift.r.o,0.2844855785369873
DD.o.a,0.2017834186553955
H.i,0.0577847957611084
H.a,0.11217880249023438
UD.i.e,0.28824281692504883
DD.e.5,0.573800802230835
UD.a.n,0.17548727989196777
H.e,0.12215423583984375
UD.t.i,0.1982131004333496
sessionIndex,1
H.Return,0.06129598617553711
H.five,0.10268592834472656
DD.period.t,0.3610959053039551
DD.i.e,0.23045802116394043
DD.n.l,0.1709134578704834
UD.five.Shift.r,-14.25239372253418
DD.five.Shift.r,-14.385982275009155
H.Shift.r,-14.994571685791016
UD.n.l,0.23618769645690918
DD.l.Return,0.26584601402282715
H.period,0.07404017448425293
UD.period.t,0.41115713119506836
H.o,0.04233074188232422
H.l,0.08691644668579102
subject,nilesh
H.t,0.11545825004577637
DD.a.n,0.05221700668334961
DD.t.i,0.12038850784301758
UD.l.Return,0.35276246070861816
H.n,0.06527423858642578
UD.o.a,0.27845335006713867
DD.Shift.r.o,15.352944612503052
rep,24
UD.e.5,1.1830472946166992
UD.Shift.r.o,0.35837292671203613
DD.o.a,0.23612260818481445
H.i,0.06289529800415039
H.a,0.1302962303161621
UD.i.e,0.27777552604675293
DD.e.5,1.0799469947814941
UD.a.n,0.18251323699951172
H.e,0.10310029983520508
UD.t.i,0.23584675788879395
sessionIndex,1
H.Return,0.07110333442687988
H.five,0.13358855247497559
DD.period.t,0.33711695671081543
DD.i.e,0.21488022804260254
DD.n.l,0.20156335830688477
UD.five.Shift.r,-18.64868140220642
DD.five.Shift.r,-18.772420167922974
H.Shift.r,-19.198711395263672
UD.n.l,0.2540576457977295
DD.l.Return,0.23232579231262207
H.period,0.05899858474731445
UD.period.t,0.44876790046691895
H.o,0.06053614616394043
H.l,0.0909419059753418
subject,nilesh
H.t,0.1328592300415039
DD.a.n,0.07146835327148438
DD.t.i,0.09372735023498535
UD.l.Return,0.32326769828796387
H.n,0.05249428749084473
UD.o.a,0.2305765151977539
DD.Shift.r.o,19.544179916381836
rep,25
UD.e.5,0.4394102096557617
UD.Shift.r.o,0.34546852111816406
DD.o.a,0.17004036903381348
H.i,0.05347633361816406
H.a,0.11476469039916992
UD.i.e,0.2839646339416504
DD.e.5,0.3162100315093994
UD.a.n,0.1862330436706543
H.e,0.1232001781463623
UD.t.i,0.22658658027648926
sessionIndex,1
H.Return,0.07180094718933105
H.five,0.12373876571655273
DD.period.t,0.3897693157196045
DD.i.e,0.23048830032348633
DD.n.l,0.18799352645874023
UD.five.Shift.r,0.6464362144470215
DD.five.Shift.r,0.5161397457122803
H.Shift.r,0.12506389617919922
UD.n.l,0.2541630268096924
DD.l.Return,0.24294114112854004
H.period,0.0600278377532959
UD.period.t,0.45078325271606445
H.o,0.060234785079956055
H.l,0.08654212951660156
subject,nilesh
H.t,0.1220705509185791
DD.a.n,0.08143067359924316
DD.t.i,0.08514237403869629
UD.l.Return,0.3294832706451416
H.n,0.06616950035095215
UD.o.a,0.23789381980895996
DD.Shift.r.o,0.20862507820129395
rep,26
UD.e.5,0.41272497177124023
UD.Shift.r.o,0.33368897438049316
DD.o.a,0.1776590347290039
H.i,0.06885623931884766
H.a,0.11026978492736816
UD.i.e,0.3026123046875
DD.e.5,0.30053019523620605
UD.a.n,0.19170045852661133
H.e,0.11219477653503418
UD.t.i,0.2072129249572754
sessionIndex,1
H.Return,0.0651702880859375
H.five,0.1302964687347412
DD.period.t,0.39075541496276855
DD.i.e,0.23375606536865234
DD.n.l,0.19428253173828125
UD.five.Shift.r,0.6542477607727051
DD.five.Shift.r,0.5150125026702881
H.Shift.r,0.14865732192993164
UD.n.l,0.26259493827819824
DD.l.Return,0.26998090744018555
H.period,0.07094073295593262
UD.period.t,0.4474494457244873
H.o,0.06756401062011719
H.l,0.08064866065979004
subject,nilesh
H.t,0.11307573318481445
DD.a.n,0.09501981735229492
DD.t.i,0.15065312385559082
UD.l.Return,0.3506295680999756
H.n,0.06831240653991699
UD.o.a,0.23732733726501465
DD.Shift.r.o,0.18032097816467285
rep,27
UD.e.5,0.4595654010772705
UD.Shift.r.o,0.3289783000946045
DD.o.a,0.16976332664489746
H.i,0.07003235816955566
H.a,0.12084102630615234
UD.i.e,0.2997579574584961
DD.e.5,0.3173863887786865
UD.a.n,0.21586084365844727
H.e,0.14217901229858398
UD.t.i,0.2637288570404053
sessionIndex,1
H.Return,0.08453035354614258
H.five,0.139235258102417
DD.period.t,0.3765087127685547
DD.i.e,0.22972559928894043
DD.n.l,0.2048177719116211
UD.five.Shift.r,-3.565182685852051
DD.five.Shift.r,-3.7439939975738525
H.Shift.r,-4.4263715744018555
UD.n.l,0.26755833625793457
DD.l.Return,0.2559053897857666
H.period,0.07458353042602539
UD.period.t,0.37772178649902344
H.o,0.06068992614746094
H.l,0.09542608261108398
subject,nilesh
H.t,0.1484692096710205
DD.a.n,0.09444737434387207
DD.t.i,0.15440893173217773
UD.l.Return,0.3513314723968506
H.n,0.06274056434631348
UD.o.a,0.2511122226715088
DD.Shift.r.o,4.748286247253418
rep,28
UD.e.5,0.48720550537109375
UD.Shift.r.o,0.3219146728515625
DD.o.a,0.19042229652404785
H.i,0.06117844581604004
H.a,0.11529684066772461
UD.i.e,0.4105241298675537
DD.e.5,0.38442397117614746
UD.a.n,0.20974421501159668
H.e,0.10278153419494629
UD.t.i,0.30287814140319824
sessionIndex,1
H.Return,0.08323264122009277
H.five,0.17881131172180176
DD.period.t,0.30313825607299805
DD.i.e,0.34934568405151367
DD.n.l,0.18125152587890625
UD.five.Shift.r,-9.106528759002686
DD.five.Shift.r,-9.225271224975586
H.Shift.r,-9.568725824356079
UD.n.l,0.24706625938415527
DD.l.Return,0.2748875617980957
H.period,0.07006716728210449
UD.period.t,0.2634437084197998
H.o,0.060715436935424805
H.l,0.09072160720825195
subject,nilesh
H.t,0.0994420051574707
DD.a.n,0.08587837219238281
DD.t.i,0.12335205078125
UD.l.Return,0.36560916900634766
H.n,0.06581473350524902
UD.o.a,0.20355486869812012
DD.Shift.r.o,9.89810562133789
rep,29
UD.e.5,0.5226328372955322
UD.Shift.r.o,0.3293797969818115
DD.o.a,0.1428394317626953
H.i,0.059346675872802734
H.a,0.09934639930725098
UD.i.e,1.3746066093444824
DD.e.5,0.4124436378479004
UD.a.n,0.1852247714996338
H.e,0.11018919944763184
UD.t.i,0.2227940559387207
sessionIndex,1
H.Return,0.08977031707763672
H.five,0.11874246597290039
DD.period.t,0.1933765411376953
DD.i.e,1.3152599334716797
DD.n.l,0.19004583358764648
UD.five.Shift.r,-13.466201782226562
DD.five.Shift.r,-13.569656133651733
H.Shift.r,-13.934970378875732
UD.n.l,0.2568631172180176
DD.l.Return,0.24436330795288086
H.period,0.07234621047973633
UD.period.t,0.4289846420288086
H.o,0.07363271713256836
H.l,0.10132217407226562
subject,nilesh
H.t,0.13283824920654297
DD.a.n,0.05545496940612793
DD.t.i,0.08646774291992188
UD.l.Return,0.3456854820251465
H.n,0.0668172836303711
UD.o.a,0.2864718437194824
DD.Shift.r.o,14.211156845092773
rep,30
UD.e.5,0.41394925117492676
UD.Shift.r.o,0.276186466217041
DD.o.a,0.21283912658691406
H.i,0.05775165557861328
H.a,0.12931561470031738
UD.i.e,0.2844374179840088
DD.e.5,0.3045334815979004
UD.a.n,0.1847705841064453
H.e,0.10941576957702637
UD.t.i,0.21930599212646484
sessionIndex,1
H.Return,0.10083961486816406
H.five,0.1034543514251709
DD.period.t,0.35663843154907227
DD.i.e,0.2266857624053955
DD.n.l,0.20179414749145508
UD.five.Shift.r,0.677696943283081
DD.five.Shift.r,0.5459420680999756
H.Shift.r,0.1597597599029541
UD.n.l,0.26091837882995605
DD.l.Return,0.2496192455291748
H.period,0.08025217056274414
UD.period.t,0.4352602958679199
H.o,0.07063174247741699
H.l,0.08329439163208008
subject,nilesh
H.t,0.11775827407836914
DD.a.n,0.08996915817260742
DD.t.i,0.10975813865661621
UD.l.Return,0.3329136371612549
H.n,0.05912423133850098
UD.o.a,0.24136662483215332
DD.Shift.r.o,0.17657089233398438
rep,31
UD.e.5,0.4801197052001953
UD.Shift.r.o,0.3363306522369385
DD.o.a,0.17073488235473633
H.i,0.07215571403503418
H.a,0.11670804023742676
UD.i.e,0.31194210052490234
DD.e.5,0.3607656955718994
UD.a.n,0.20667719841003418
H.e,0.1193540096282959
UD.t.i,0.22751641273498535
sessionIndex,1
H.Return,0.07394719123840332
H.five,0.13175487518310547
DD.period.t,0.3550081253051758
DD.i.e,0.23978638648986816
DD.n.l,0.19148945808410645
UD.five.Shift.r,0.649409294128418
DD.five.Shift.r,0.5297636985778809
H.Shift.r,0.17873573303222656
UD.n.l,0.27144932746887207
DD.l.Return,0.24625754356384277
H.period,0.06741213798522949
UD.period.t,0.4120960235595703
H.o,0.08136534690856934
H.l,0.08187413215637207
subject,nilesh
H.t,0.09896397590637207
DD.a.n,0.10557198524475098
DD.t.i,0.16625499725341797
UD.l.Return,0.32813167572021484
H.n,0.07995986938476562
UD.o.a,0.2712833881378174
DD.Shift.r.o,0.13803339004516602
rep,32
UD.e.5,0.3951833248138428
UD.Shift.r.o,0.3167691230773926
DD.o.a,0.18991804122924805
H.i,0.08039045333862305
H.a,0.11088848114013672
UD.i.e,0.2532494068145752
DD.e.5,0.31641697883605957
UD.a.n,0.2164604663848877
H.e,0.0787663459777832
UD.t.i,0.26521897315979004
sessionIndex,1
H.Return,0.08205533027648926
H.five,0.11964559555053711
DD.period.t,0.3446838855743408
DD.i.e,0.17285895347595215
DD.n.l,0.19243407249450684
UD.five.Shift.r,0.6078343391418457
DD.five.Shift.r,0.5016889572143555
H.Shift.r,0.12548470497131348
UD.n.l,0.2631807327270508
DD.l.Return,0.2567460536956787
H.period,0.08826684951782227
UD.period.t,0.37595677375793457
H.o,0.06822776794433594
H.l,0.09068512916564941
subject,nilesh
H.t,0.1217966079711914
DD.a.n,0.059836387634277344
DD.t.i,0.1453397274017334
UD.l.Return,0.3474311828613281
H.n,0.07074666023254395
UD.o.a,0.2645394802093506
DD.Shift.r.o,0.1843736171722412
rep,33
UD.e.5,0.7939450740814209
UD.Shift.r.o,0.3098583221435547
DD.o.a,0.19631171226501465
H.i,0.07182788848876953
H.a,0.10926151275634766
UD.i.e,0.3242368698120117
DD.e.5,0.6865167617797852
UD.a.n,0.169097900390625
H.e,0.10742831230163574
UD.t.i,0.2671363353729248
sessionIndex,1
H.Return,0.0847775936126709
H.five,0.10614538192749023
DD.period.t,0.2876899242401123
DD.i.e,0.2524089813232422
DD.n.l,0.17413330078125
UD.five.Shift.r,0.6071727275848389
DD.five.Shift.r,0.44605493545532227
H.Shift.r,0.15322208404541016
UD.n.l,0.22068214416503906
DD.l.Return,0.24631977081298828
H.period,0.0702061653137207
UD.period.t,0.47075581550598145
H.o,0.11022281646728516
H.l,0.08573317527770996
subject,nilesh
H.t,0.11382293701171875
DD.a.n,0.06422734260559082
DD.t.i,0.12703227996826172
UD.l.Return,0.33205294609069824
H.n,0.04654884338378906
UD.o.a,0.305156946182251
DD.Shift.r.o,0.31192946434020996
rep,34
UD.e.5,0.43413233757019043
UD.Shift.r.o,0.4651515483856201
DD.o.a,0.19493412971496582
H.i,0.05579495429992676
H.a,0.1201326847076416
UD.i.e,0.23405218124389648
DD.e.5,0.3195624351501465
UD.a.n,0.18436002731323242
H.e,0.11456990242004395
UD.t.i,0.24085521697998047
sessionIndex,1
H.Return,0.1002798080444336
H.five,0.1611177921295166
DD.period.t,0.40054965019226074
DD.i.e,0.17825722694396973
DD.n.l,0.18004989624023438
UD.five.Shift.r,0.618100643157959
DD.five.Shift.r,0.5064713954925537
H.Shift.r,0.12830018997192383
UD.n.l,0.24982953071594238
DD.l.Return,0.24083828926086426
H.period,0.06128716468811035
UD.period.t,0.38315796852111816
H.o,0.06691336631774902
H.l,0.10433387756347656
subject,nilesh
H.t,0.12354564666748047
DD.a.n,0.08778834342956543
DD.t.i,0.14537811279296875
UD.l.Return,0.3451721668243408
H.n,0.06977963447570801
UD.o.a,0.25923967361450195
DD.Shift.r.o,0.2031710147857666
rep,35
UD.e.5,0.7664449214935303
UD.Shift.r.o,0.33147120475769043
DD.o.a,0.19232630729675293
H.i,0.06563019752502441
H.a,0.10626006126403809
UD.i.e,0.24599361419677734
DD.e.5,0.6665968894958496
UD.a.n,0.19404840469360352
H.e,0.09984803199768066
UD.t.i,0.2689237594604492
sessionIndex,1
H.Return,0.07655072212219238
H.five,0.11162924766540527
DD.period.t,0.3218708038330078
DD.i.e,0.18036341667175293
DD.n.l,0.20126748085021973
UD.five.Shift.r,0.6646931171417236
DD.five.Shift.r,0.5374538898468018
H.Shift.r,0.13281702995300293
UD.n.l,0.2579934597015381
DD.l.Return,0.32648491859436035
H.period,0.056560516357421875
UD.period.t,0.449920654296875
H.o,0.07018899917602539
H.l,0.08839082717895508
subject,nilesh
H.t,0.10962748527526855
DD.a.n,0.08481693267822266
UD.a.n,0.21477627754211426
DD.t.i,0.11675500869750977
UD.l.Return,0.41487574577331543
H.n,0.05672597885131836
UD.o.a,0.2537569999694824
DD.Shift.r.o,0.16816067695617676
rep,36
UD.e.5,0.4466366767883301
UD.Shift.r.o,0.3009777069091797
DD.o.a,0.18356800079345703
H.i,0.08126091957092285
H.a,0.1299593448638916
UD.i.e,0.36739563941955566
DD.e.5,0.3513164520263672
UD.t.i,0.22638249397277832
H.e,0.09532022476196289
sessionIndex,1
H.Return,0.05439400672912598
H.five,0.12723922729492188
DD.period.t,0.3933601379394531
DD.i.e,0.2861347198486328
DD.n.l,0.19631361961364746
UD.five.Shift.r,0.5908069610595703
DD.five.Shift.r,0.45677614212036133
H.Shift.r,0.14719247817993164
UD.n.l,0.2547423839569092
DD.l.Return,0.22590923309326172
H.period,0.07508301734924316
UD.period.t,0.34566569328308105
H.o,0.0651700496673584
H.l,0.10986709594726562
subject,nilesh
H.t,0.1344926357269287
DD.a.n,0.07012772560119629
UD.a.n,0.19310522079467773
DD.t.i,0.12056136131286621
UD.l.Return,0.33577632904052734
H.n,0.05842876434326172
UD.o.a,0.2251133918762207
DD.Shift.r.o,0.17612457275390625
rep,37
UD.e.5,0.48134613037109375
UD.Shift.r.o,0.3233170509338379
DD.o.a,0.1599433422088623
H.i,0.06313610076904297
H.a,0.12297749519348145
UD.i.e,0.2553567886352539
DD.e.5,0.338118314743042
UD.t.i,0.2550539970397949
H.e,0.14322781562805176
sessionIndex,1
H.Return,0.09131336212158203
H.five,0.13403081893920898
DD.period.t,0.2705826759338379
DD.i.e,0.19222068786621094
DD.n.l,0.19263148307800293
UD.five.Shift.r,0.5811793804168701
DD.five.Shift.r,0.49251556396484375
H.Shift.r,0.14708352088928223
UD.n.l,0.24836444854736328
DD.l.Return,0.2331833839416504
H.period,0.06929183006286621
UD.period.t,0.4231393337249756
H.o,0.0820155143737793
H.l,0.08742642402648926
subject,nilesh
H.t,0.12543964385986328
DD.a.n,0.07842850685119629
UD.a.n,0.2037365436553955
DD.t.i,0.4051337242126465
UD.l.Return,0.32060980796813965
H.n,0.05573296546936035
UD.o.a,0.2592301368713379
DD.Shift.r.o,0.1611008644104004
rep,38
UD.e.5,0.8586783409118652
UD.Shift.r.o,0.3081843852996826
DD.o.a,0.1772146224975586
H.i,0.11701416969299316
H.a,0.12530803680419922
UD.i.e,0.9099962711334229
DD.e.5,0.7492122650146484
UD.t.i,0.5305733680725098
H.e,0.1094660758972168
sessionIndex,1
H.Return,0.07855701446533203
H.five,0.08866381645202637
DD.period.t,0.3538475036621094
DD.i.e,0.7929821014404297
DD.n.l,0.18950748443603516
UD.five.Shift.r,0.6500997543334961
DD.five.Shift.r,0.5293238162994385
H.Shift.r,0.15291452407836914
UD.n.l,0.2523941993713379
DD.l.Return,0.2326645851135254
H.period,0.07589864730834961
UD.period.t,0.3066384792327881
H.o,0.057085514068603516
H.l,0.08276581764221191
subject,nilesh
H.t,0.1141350269317627
DD.a.n,0.04406285285949707
UD.a.n,0.1683652400970459
DD.t.i,0.18948745727539062
UD.l.Return,0.3154304027557373
H.n,0.06288671493530273
UD.o.a,0.2538168430328369
DD.Shift.r.o,0.1456000804901123
rep,39
UD.e.5,0.4464733600616455
UD.Shift.r.o,0.29851460456848145
DD.o.a,0.1967313289642334
H.i,0.07024407386779785
H.a,0.12430238723754883
UD.i.e,0.2821238040924072
DD.e.5,0.3250861167907715
UD.t.i,0.3036224842071533
H.e,0.12138724327087402
sessionIndex,1
H.Return,0.07058334350585938
H.five,0.12077593803405762
DD.period.t,0.23073983192443848
DD.i.e,0.21187973022460938
DD.n.l,0.1637272834777832
UD.five.Shift.r,-3.535745620727539
DD.five.Shift.r,-3.653001308441162
H.Shift.r,-4.017107725143433
UD.n.l,0.22539353370666504
DD.l.Return,0.20009231567382812
H.period,0.05990409851074219
UD.period.t,0.4784731864929199
H.o,0.06769847869873047
H.l,0.09247040748596191
subject,nilesh
H.t,0.1212010383605957
DD.a.n,0.07554197311401367
UD.a.n,0.18909478187561035
DD.t.i,0.12414145469665527
UD.l.Return,0.29256272315979004
H.n,0.061666250228881836
UD.o.a,0.22351288795471191
DD.Shift.r.o,4.346807241439819
rep,40
UD.e.5,0.5283920764923096
UD.Shift.r.o,0.3296995162963867
DD.o.a,0.15581440925598145
H.i,0.06717753410339355
H.a,0.11355280876159668
UD.i.e,0.26353931427001953
DD.e.5,0.3832271099090576
UD.t.i,0.24534249305725098
H.e,0.14516496658325195
sessionIndex,1
H.Return,0.10253286361694336
H.five,0.11725568771362305
DD.period.t,0.41856908798217773
DD.i.e,0.19636178016662598
DD.n.l,0.16788029670715332
UD.five.Shift.r,0.6063189506530762
DD.five.Shift.r,0.49503469467163086
H.Shift.r,0.13613104820251465
UD.n.l,0.21382904052734375
DD.l.Return,0.23085808753967285
H.period,0.06662511825561523
UD.period.t,0.4908003807067871
H.o,0.06617569923400879
H.l,0.08759689331054688
subject,nilesh
H.t,0.12649893760681152
DD.a.n,0.06397080421447754
DD.t.i,0.07944059371948242
UD.l.Return,0.3184549808502197
H.n,0.04594874382019043
UD.o.a,0.23593878746032715
DD.Shift.r.o,0.20302248001098633
rep,41
UD.e.5,0.5439581871032715
UD.Shift.r.o,0.339153528213501
DD.o.a,0.16976308822631836
H.i,0.06535887718200684
H.a,0.12390899658203125
UD.i.e,0.24983549118041992
DD.e.5,0.4220001697540283
UD.a.n,0.1878798007965088
H.e,0.12195801734924316
UD.t.i,0.20593953132629395
sessionIndex,1
H.Return,0.10937070846557617
H.five,0.11128425598144531
DD.period.t,0.4241752624511719
DD.i.e,0.18447661399841309
DD.n.l,0.17060351371765137
UD.five.Shift.r,0.6328833103179932
DD.five.Shift.r,0.5088503360748291
H.Shift.r,0.13268375396728516
UD.n.l,0.2411818504333496
DD.l.Return,0.21501421928405762
H.period,0.07534193992614746
UD.period.t,0.318448543548584
H.o,0.06778836250305176
H.l,0.08344817161560059
subject,nilesh
H.t,0.10165214538574219
DD.a.n,0.07399225234985352
DD.t.i,0.13466215133666992
UD.l.Return,0.2984623908996582
H.n,0.07057833671569824
UD.o.a,0.21286749839782715
DD.Shift.r.o,0.17029595375061035
rep,42
UD.e.5,0.4431581497192383
UD.Shift.r.o,0.3029797077178955
DD.o.a,0.1450791358947754
H.i,0.06152081489562988
H.a,0.0993192195892334
UD.i.e,0.2414402961730957
DD.e.5,0.3302466869354248
UD.a.n,0.17331147193908691
H.e,0.11291146278381348
UD.t.i,0.2363142967224121
sessionIndex,1
H.Return,0.08071136474609375
H.five,0.12403297424316406
DD.period.t,0.24310660362243652
DD.i.e,0.17991948127746582
DD.n.l,0.16474080085754395
UD.five.Shift.r,0.5986161231994629
DD.five.Shift.r,0.49640989303588867
H.Shift.r,0.1150968074798584
UD.n.l,0.2313981056213379
DD.l.Return,0.2067716121673584
H.period,0.0710439682006836
UD.period.t,0.3359086513519287
H.o,0.07468938827514648
H.l,0.10065889358520508
subject,nilesh
H.t,0.12016439437866211
DD.a.n,0.0972146987915039
DD.t.i,0.1292099952697754
UD.l.Return,0.3074305057525635
H.n,0.06665730476379395
UD.o.a,0.21359515190124512
DD.Shift.r.o,0.20112872123718262
rep,43
UD.e.5,0.621976375579834
UD.Shift.r.o,0.316225528717041
DD.o.a,0.13890576362609863
H.i,0.06502795219421387
H.a,0.10835933685302734
UD.i.e,0.21681857109069824
DD.e.5,0.5176699161529541
UD.a.n,0.20557403564453125
H.e,0.10430645942687988
UD.t.i,0.2493743896484375
sessionIndex,1
H.Return,0.07678651809692383
H.five,0.10220623016357422
DD.period.t,0.2648646831512451
DD.i.e,0.15179061889648438
DD.n.l,0.16971039772033691
UD.five.Shift.r,0.6219699382781982
DD.five.Shift.r,0.526120662689209
H.Shift.r,0.11710524559020996
UD.n.l,0.24576139450073242
DD.l.Return,0.19964003562927246
H.period,0.06402349472045898
UD.period.t,0.3708677291870117
H.o,0.06467461585998535
H.l,0.09149312973022461
subject,nilesh
H.t,0.09513401985168457
DD.a.n,0.09218502044677734
DD.t.i,0.13291358947753906
UD.l.Return,0.29113316535949707
H.n,0.07605099678039551
UD.o.a,0.23374009132385254
DD.Shift.r.o,0.191300630569458
rep,44
UD.e.5,0.5799877643585205
UD.Shift.r.o,0.30840587615966797
DD.o.a,0.1690654754638672
H.i,0.06550478935241699
H.a,0.10619401931762695
UD.i.e,0.2382047176361084
DD.e.5,0.4785630702972412
UD.a.n,0.1983790397644043
H.e,0.1014246940612793
UD.t.i,0.22804760932922363
sessionIndex,1
H.Return,0.0808403491973877
H.five,0.09584927558898926
DD.period.t,0.30684423446655273
DD.i.e,0.1726999282836914
DD.n.l,0.19076776504516602
UD.five.Shift.r,0.5901811122894287
DD.five.Shift.r,0.49774932861328125
H.Shift.r,0.13593220710754395
UD.n.l,0.2500448226928711
DD.l.Return,0.25842952728271484
H.period,0.07735872268676758
UD.period.t,0.4007606506347656
H.o,0.07960796356201172
H.l,0.10123229026794434
subject,nilesh
H.t,0.11612510681152344
DD.a.n,0.07893252372741699
DD.t.i,0.10873150825500488
UD.l.Return,0.3596618175506592
H.n,0.05927705764770508
UD.o.a,0.23369860649108887
DD.Shift.r.o,0.20548605918884277
rep,45
UD.e.5,0.6408748626708984
UD.Shift.r.o,0.3414182662963867
DD.o.a,0.15409064292907715
H.i,0.07635092735290527
H.a,0.09536910057067871
UD.i.e,0.2578699588775635
DD.e.5,0.5360314846038818
UD.a.n,0.1743016242980957
H.e,0.1048433780670166
UD.t.i,0.22485661506652832
sessionIndex,1
H.Return,0.07837939262390137
H.five,0.09243178367614746
DD.period.t,0.32340192794799805
DD.i.e,0.1815190315246582
DD.n.l,0.20552659034729004
UD.five.Shift.r,0.7197756767272949
DD.five.Shift.r,0.5942316055297852
H.Shift.r,0.15099191665649414
UD.n.l,0.297715425491333
DD.l.Return,0.2393350601196289
H.period,0.06216740608215332
UD.period.t,0.43662571907043457
H.o,0.07461285591125488
H.l,0.08710026741027832
subject,nilesh
H.t,0.09524321556091309
DD.a.n,0.1607673168182373
DD.t.i,0.08994317054748535
UD.l.Return,0.3264353275299072
H.n,0.09218883514404297
UD.o.a,0.24758076667785645
DD.Shift.r.o,0.1994771957397461
rep,46
UD.e.5,0.4675297737121582
UD.Shift.r.o,0.35046911239624023
DD.o.a,0.17296791076660156
H.i,0.06557393074035645
H.a,0.12949776649475098
UD.i.e,0.31976795196533203
DD.e.5,0.36998963356018066
UD.a.n,0.2902650833129883
H.e,0.09754014015197754
UD.t.i,0.18518638610839844
sessionIndex,1
H.Return,0.06441211700439453
H.five,0.12554407119750977
DD.period.t,0.37445831298828125
DD.i.e,0.2541940212249756
DD.n.l,0.1883530616760254
UD.five.Shift.r,0.6175622940063477
DD.five.Shift.r,0.4893670082092285
H.Shift.r,0.13901090621948242
UD.n.l,0.22852277755737305
DD.l.Return,0.22224640846252441
H.period,0.06270742416381836
UD.period.t,0.4220237731933594
H.o,0.08150935173034668
H.l,0.10654401779174805
subject,nilesh
H.t,0.10003232955932617
DD.a.n,0.0559079647064209
DD.t.i,0.12673544883728027
UD.l.Return,0.32879042625427246
H.n,0.040169715881347656
UD.o.a,0.2772970199584961
DD.Shift.r.o,0.14730000495910645
rep,47
UD.e.5,0.40897464752197266
UD.Shift.r.o,0.28631091117858887
DD.o.a,0.19578766822814941
H.i,0.0771946907043457
H.a,0.1411135196685791
UD.i.e,0.25745534896850586
DD.e.5,0.2912008762359619
UD.a.n,0.197021484375
H.e,0.11777377128601074
UD.t.i,0.22676777839660645
sessionIndex,1
H.Return,0.10770750045776367
H.five,0.12819528579711914
DD.period.t,0.359316349029541
DD.i.e,0.18026065826416016
DD.n.l,0.1611344814300537
UD.five.Shift.r,0.7325522899627686
DD.five.Shift.r,0.6307413578033447
H.Shift.r,0.1340482234954834
UD.n.l,0.23021936416625977
DD.l.Return,0.224517822265625
H.period,0.07571148872375488
UD.period.t,0.380443811416626
H.o,0.06316781044006348
H.l,0.08853960037231445
subject,nilesh
H.t,0.1060037612915039
DD.a.n,0.10170483589172363
DD.t.i,0.13666057586669922
UD.l.Return,0.31305742263793945
H.n,0.06908488273620605
UD.o.a,0.2495591640472412
DD.Shift.r.o,0.1297435760498047
rep,48
UD.e.5,0.4190502166748047
UD.Shift.r.o,0.2637917995452881
DD.o.a,0.18639135360717773
H.i,0.0807647705078125
H.a,0.11450886726379395
UD.i.e,0.2947666645050049
DD.e.5,0.29520678520202637
UD.a.n,0.21621370315551758
H.e,0.12384343147277832
UD.t.i,0.24266433715820312
sessionIndex,1
H.Return,0.10625481605529785
H.five,0.10181093215942383
DD.period.t,0.3047323226928711
DD.i.e,0.21400189399719238
DD.n.l,0.17817974090576172
UD.five.Shift.r,0.7727940082550049
DD.five.Shift.r,0.6788873672485352
H.Shift.r,0.15939617156982422
UD.n.l,0.2378995418548584
DD.l.Return,0.20811867713928223
H.period,0.0812079906463623
UD.period.t,0.3624098300933838
H.o,0.07064342498779297
H.l,0.11287856101989746
subject,nilesh
H.t,0.10401391983032227
DD.a.n,0.06972002983093262
DD.t.i,0.1396481990814209
UD.l.Return,0.3209972381591797
H.n,0.05971980094909668
UD.o.a,0.2466130256652832
DD.Shift.r.o,0.13944554328918457
rep,49
UD.e.5,0.3643045425415039
UD.Shift.r.o,0.2988417148590088
DD.o.a,0.17596960067749023
H.i,0.07263898849487305
H.a,0.12031102180480957
UD.i.e,0.25369858741760254
DD.e.5,0.2650415897369385
UD.a.n,0.1900310516357422
H.e,0.09926295280456543
UD.t.i,0.24366211891174316
sessionIndex,1
H.Return,0.09399604797363281
H.five,0.09390664100646973
DD.period.t,0.2812018394470215
DD.i.e,0.1810595989227295
DD.n.l,0.1815810203552246
UD.five.Shift.r,0.6982088088989258
DD.five.Shift.r,0.582556962966919
H.Shift.r,0.18253564834594727
UD.n.l,0.24074554443359375
DD.l.Return,0.24016618728637695
H.period,0.06668734550476074
UD.period.t,0.21550869941711426
H.o,0.08973479270935059
H.l,0.10394454002380371
subject,nilesh
H.t,0.10287117958068848
DD.a.n,0.07128500938415527
DD.t.i,0.1536262035369873
UD.l.Return,0.34411072731018066
H.n,0.05916452407836914
UD.o.a,0.24071383476257324
DD.Shift.r.o,0.25072169303894043
rep,50
UD.e.5,0.52248215675354
UD.Shift.r.o,0.4332573413848877
DD.o.a,0.15097904205322266
H.i,0.0764627456665039
H.a,0.12781381607055664
UD.i.e,0.2391343116760254
DD.e.5,0.40638279914855957
UD.a.n,0.19909882545471191
H.e,0.11609935760498047
UD.t.i,0.2564973831176758
sessionIndex,1
H.Return,0.07111287117004395
H.five,0.11565184593200684
DD.period.t,0.14882135391235352
DD.i.e,0.16267156600952148
DD.n.l,0.19099950790405273
UD.five.Shift.r,0.6980931758880615
DD.five.Shift.r,0.5830800533294678
H.Shift.r,0.0900411605834961
UD.n.l,0.2524120807647705
DD.l.Return,0.32668590545654297
H.period,0.07667255401611328
UD.period.t,0.47983479499816895
H.o,0.06832551956176758
H.l,0.09818029403686523
subject,nilesh
H.t,0.10393381118774414
DD.a.n,0.13303446769714355
DD.t.i,0.07117319107055664
UD.l.Return,0.4248661994934082
H.n,0.06141257286071777
UD.o.a,0.24588704109191895
DD.Shift.r.o,0.24939751625061035
rep,51
UD.e.5,0.4278883934020996
UD.Shift.r.o,0.33943867683410645
DD.o.a,0.17756152153015137
H.i,0.06184792518615723
H.a,0.10973167419433594
UD.i.e,0.2717568874359131
DD.e.5,0.32385921478271484
UD.a.n,0.2427661418914795
H.e,0.10402917861938477
UD.t.i,0.17510700225830078
sessionIndex,1
H.Return,0.05739879608154297
H.five,0.11501312255859375
DD.period.t,0.40316224098205566
DD.i.e,0.20990896224975586
DD.n.l,0.17888236045837402
UD.five.Shift.r,0.7282071113586426
DD.five.Shift.r,0.642730712890625
H.Shift.r,0.13668489456176758
UD.n.l,0.25471949577331543
DD.l.Return,0.2166147232055664
H.period,0.08051562309265137
UD.period.t,0.22016620635986328
H.o,0.07307291030883789
H.l,0.0986483097076416
subject,nilesh
H.t,0.10029864311218262
DD.a.n,0.13658595085144043
DD.t.i,0.6415276527404785
UD.l.Return,0.315263032913208
H.n,0.0758371353149414
UD.o.a,0.21521806716918945
DD.Shift.r.o,0.22008895874023438
rep,52
UD.e.5,0.6708548069000244
UD.Shift.r.o,0.35677385330200195
DD.o.a,0.14214515686035156
H.i,0.06110501289367676
H.a,0.09868574142456055
UD.i.e,0.24789166450500488
DD.e.5,0.5616915225982666
UD.a.n,0.23527169227600098
H.e,0.10916328430175781
UD.t.i,0.7418262958526611
sessionIndex,1
H.Return,0.07021403312683105
H.five,0.08547639846801758
DD.period.t,0.13965058326721191
DD.i.e,0.18678665161132812
DD.n.l,0.22138476371765137
UD.five.Shift.r,0.6821897029876709
DD.five.Shift.r,0.554004430770874
H.Shift.r,0.11078476905822754
UD.n.l,0.2982814311981201
DD.l.Return,0.26326966285705566
H.period,0.10645103454589844
UD.period.t,0.8266024589538574
H.o,0.09083938598632812
H.l,0.13527369499206543
subject,nilesh
H.t,0.08040452003479004
DD.a.n,0.10742783546447754
DD.t.i,0.11123442649841309
UD.l.Return,0.3985433578491211
H.n,0.07689666748046875
UD.o.a,0.2254955768585205
DD.Shift.r.o,0.21204566955566406
rep,53
UD.e.5,0.4009537696838379
UD.Shift.r.o,0.3228304386138916
DD.o.a,0.13465619087219238
H.i,0.07672739028930664
H.a,0.1157829761505127
UD.i.e,0.6065833568572998
DD.e.5,0.30187344551086426
UD.a.n,0.22321081161499023
H.e,0.09908032417297363
UD.t.i,0.19163894653320312
sessionIndex,1
H.Return,0.06551289558410645
H.five,0.12818527221679688
DD.period.t,0.720151424407959
DD.i.e,0.5298559665679932
DD.n.l,0.19220256805419922
UD.five.Shift.r,0.715440034866333
DD.five.Shift.r,0.6106202602386475
H.Shift.r,0.13869094848632812
UD.n.l,0.2598440647125244
DD.l.Return,0.1960921287536621
H.period,0.0935368537902832
UD.period.t,0.24311327934265137
H.o,0.06200695037841797
H.l,0.10335588455200195
subject,nilesh
H.t,0.10608482360839844
DD.a.n,0.07916760444641113
DD.t.i,0.14339613914489746
UD.l.Return,0.29944801330566406
H.n,0.0676414966583252
UD.o.a,0.2433183193206787
DD.Shift.r.o,0.19728612899780273
rep,54
UD.e.5,0.422471284866333
UD.Shift.r.o,0.33597707748413086
DD.o.a,0.18131136894226074
H.i,0.05203127861022949
H.a,0.09993243217468262
UD.i.e,0.3755807876586914
DD.e.5,0.297074556350708
UD.a.n,0.17910003662109375
H.e,0.125396728515625
UD.t.i,0.2494809627532959
sessionIndex,1
H.Return,0.08785367012023926
H.five,0.10481977462768555
DD.period.t,0.14957642555236816
DD.i.e,0.3235495090484619
DD.n.l,0.18943238258361816
UD.five.Shift.r,0.7309198379516602
DD.five.Shift.r,0.6129035949707031
H.Shift.r,0.14400768280029297
UD.n.l,0.24303984642028809
DD.l.Return,0.25052571296691895
H.period,0.07912826538085938
UD.period.t,0.2921872138977051
H.o,0.06705093383789062
H.l,0.09124231338500977
subject,nilesh
H.t,0.12564396858215332
DD.a.n,0.04450654983520508
DD.t.i,0.15227985382080078
UD.l.Return,0.3417680263519287
H.n,0.05360746383666992
UD.o.a,0.26143312454223633
DD.Shift.r.o,0.18557286262512207
rep,55
UD.e.5,0.4567375183105469
UD.Shift.r.o,0.32958054542541504
DD.o.a,0.1943821907043457
H.i,0.07679176330566406
H.a,0.11998248100280762
UD.i.e,0.32259297370910645
DD.e.5,0.34697389602661133
UD.a.n,0.1644890308380127
H.e,0.10976362228393555
UD.t.i,0.2779238224029541
sessionIndex,1
H.Return,0.0883791446685791
H.five,0.11801624298095703
DD.period.t,0.2130589485168457
DD.i.e,0.24580121040344238
DD.n.l,0.15471529960632324
UD.five.Shift.r,0.6364398002624512
DD.five.Shift.r,0.5214452743530273
H.Shift.r,0.12813854217529297
UD.n.l,0.25274109840393066
DD.l.Return,0.23689484596252441
H.period,0.09993219375610352
UD.period.t,0.36429262161254883
H.o,0.08044910430908203
H.l,0.12498259544372559
subject,nilesh
H.t,0.13724279403686523
DD.a.n,0.10873794555664062
DD.t.i,0.17200112342834473
UD.l.Return,0.36187744140625
H.n,0.09802579879760742
UD.o.a,0.27150583267211914
DD.Shift.r.o,0.16408348083496094
rep,56
UD.e.5,0.41313767433166504
UD.Shift.r.o,0.2922220230102539
DD.o.a,0.1910567283630371
H.i,0.07932877540588379
H.a,0.12043190002441406
UD.i.e,0.23612523078918457
DD.e.5,0.28905344009399414
UD.a.n,0.2291698455810547
H.e,0.1240842342376709
UD.t.i,0.30924391746520996
sessionIndex,1
H.Return,0.0811610221862793
H.five,0.11499452590942383
DD.period.t,0.2643604278564453
DD.i.e,0.15679645538330078
DD.n.l,0.16811800003051758
UD.five.Shift.r,0.5879166126251221
DD.five.Shift.r,0.458634614944458
H.Shift.r,0.1283247470855713
UD.n.l,0.23545145988464355
DD.l.Return,0.23207497596740723
H.period,0.12009286880493164
UD.period.t,0.2850353717803955
H.o,0.0785365104675293
H.l,0.08157157897949219
subject,nilesh
H.t,0.11534261703491211
DD.a.n,0.09841561317443848
DD.t.i,0.19857239723205566
UD.l.Return,0.3136465549468994
H.n,0.06733345985412598
UD.o.a,0.24926400184631348
DD.Shift.r.o,0.19106268882751465
rep,57
UD.e.5,0.4483470916748047
UD.Shift.r.o,0.31938743591308594
DD.o.a,0.17072749137878418
H.i,0.07550668716430664
H.a,0.11928057670593262
UD.i.e,0.2573246955871582
DD.e.5,0.3363642692565918
UD.a.n,0.2176961898803711
H.e,0.11198282241821289
UD.t.i,0.3139150142669678
sessionIndex,1
H.Return,0.06828522682189941
H.five,0.12928199768066406
DD.period.t,0.16494250297546387
DD.i.e,0.18181800842285156
DD.n.l,0.18535542488098145
UD.five.Shift.r,0.7596340179443359
DD.five.Shift.r,0.6489810943603516
H.Shift.r,0.12020993232727051
UD.n.l,0.2609517574310303
DD.l.Return,0.2535696029663086
H.period,0.08395171165466309
UD.period.t,0.4126150608062744
H.o,0.06543684005737305
H.l,0.10158348083496094
subject,nilesh
H.t,0.1251988410949707
DD.a.n,0.1247110366821289
DD.t.i,0.14978575706481934
UD.l.Return,0.35515308380126953
H.n,0.07559633255004883
UD.o.a,0.2541921138763428
DD.Shift.r.o,0.2140185832977295
rep,58
UD.e.5,0.43520689010620117
UD.Shift.r.o,0.334228515625
DD.o.a,0.18875527381896973
H.i,0.10093092918395996
H.a,0.10382556915283203
UD.i.e,0.3547978401184082
DD.e.5,0.31212520599365234
UD.a.n,0.22853660583496094
H.e,0.12308168411254883
UD.t.i,0.27498459815979004
sessionIndex,1
H.Return,0.06563448905944824
H.five,0.11065292358398438
DD.period.t,0.32866334915161133
DD.i.e,0.25386691093444824
DD.n.l,0.1970210075378418
UD.five.Shift.r,0.7648189067840576
DD.five.Shift.r,0.634937047958374
H.Shift.r,0.14335250854492188
UD.n.l,0.2450542449951172
DD.l.Return,0.30012965202331543
H.period,0.07287096977233887
UD.period.t,0.4978475570678711
H.o,0.07876181602478027
H.l,0.08022451400756836
subject,nilesh
H.t,0.11402297019958496
DD.a.n,0.0803980827331543
DD.t.i,0.19025921821594238
UD.l.Return,0.3803541660308838
H.n,0.04803323745727539
UD.o.a,0.2673816680908203
DD.Shift.r.o,0.2132585048675537
rep,59
UD.e.5,0.46157026290893555
UD.Shift.r.o,0.3566110134124756
DD.o.a,0.18861985206604004
H.i,0.08390378952026367
H.a,0.11054062843322754
UD.i.e,0.3062622547149658
DD.e.5,0.34654998779296875
UD.a.n,0.19093871116638184
H.e,0.1150202751159668
UD.t.i,0.30428218841552734
sessionIndex,1
H.Return,0.05782604217529297
H.five,0.1298818588256836
DD.period.t,0.4249765872955322
DD.i.e,0.22235846519470215
DD.n.l,0.21622514724731445
UD.five.Shift.r,0.7881929874420166
DD.five.Shift.r,0.6687674522399902
H.Shift.r,0.13869929313659668
UD.n.l,0.2719275951385498
DD.l.Return,0.39705634117126465
H.period,0.0744161605834961
UD.period.t,0.43280887603759766
H.o,0.06787991523742676
H.l,0.0854496955871582
subject,nilesh
H.t,0.11419844627380371
DD.a.n,0.1130683422088623
DD.t.i,0.1447451114654541
UD.l.Return,0.48250603675842285
H.n,0.05570244789123535
UD.o.a,0.25228095054626465
DD.Shift.r.o,0.24254989624023438
rep,60
UD.e.5,0.4652383327484131
UD.Shift.r.o,0.38124918937683105
DD.o.a,0.1844010353088379
H.i,0.07673406600952148
H.a,0.11602377891540527
UD.i.e,0.3241760730743408
DD.e.5,0.3429584503173828
UD.a.n,0.22909212112426758
H.e,0.12227988243103027
UD.t.i,0.2589435577392578
sessionIndex,1
H.Return,0.06490945816040039
H.five,0.11942553520202637
DD.period.t,0.35839271545410156
DD.i.e,0.24744200706481934
DD.n.l,0.16849970817565918
UD.five.Shift.r,0.6640331745147705
DD.five.Shift.r,0.5494792461395264
H.Shift.r,0.14495086669921875
UD.n.l,0.24077105522155762
DD.l.Return,0.8902599811553955
H.period,0.07479047775268555
UD.period.t,0.49115514755249023
H.o,0.06437373161315918
H.l,0.07941675186157227
subject,nilesh
H.t,0.12744736671447754
DD.a.n,0.08168244361877441
UD.a.n,0.19716525077819824
DD.t.i,0.10365486145019531
H.n,0.07227134704589844
UD.o.a,0.25111985206604004
DD.Shift.r.o,0.14047741889953613
rep,61
UD.l.Return,0.9696767330169678
UD.Shift.r.o,0.2854282855987549
DD.o.a,0.18674612045288086
H.i,0.07118749618530273
H.a,0.11548280715942383
UD.i.e,0.32758116722106934
DD.e.5,0.3362767696380615
UD.t.i,0.23110222816467285
H.e,0.11619281768798828
UD.e.5,0.4524695873260498
sessionIndex,1
H.Return,0.05098891258239746
H.five,0.11455392837524414
DD.period.t,0.4163646697998047
DD.i.e,0.2563936710357666
DD.n.l,0.1673750877380371
UD.five.Shift.r,0.5685093402862549
DD.five.Shift.r,0.4442481994628906
H.Shift.r,0.12382221221923828
UD.n.l,0.21303319931030273
DD.l.Return,0.21773672103881836
H.period,0.07235360145568848
UD.period.t,0.44024181365966797
H.o,0.06413412094116211
H.l,0.07167363166809082
subject,nilesh
H.t,0.09937000274658203
DD.a.n,0.055156707763671875
UD.a.n,0.18234801292419434
DD.t.i,0.1516132354736328
H.n,0.045658111572265625
UD.o.a,0.2701148986816406
DD.Shift.r.o,0.15570569038391113
rep,62
UD.l.Return,0.2894103527069092
UD.Shift.r.o,0.2795279026031494
DD.o.a,0.20598077774047852
H.i,0.06531548500061035
H.a,0.12719130516052246
UD.i.e,0.24625277519226074
DD.e.5,0.3082921504974365
UD.t.i,0.25098323822021484
H.e,0.11398649215698242
UD.e.5,0.42227864265441895
sessionIndex,1
H.Return,0.056110382080078125
H.five,0.12426114082336426
DD.period.t,0.3678882122039795
DD.i.e,0.1809372901916504
DD.n.l,0.16708827018737793
UD.five.Shift.r,0.6215143203735352
DD.five.Shift.r,0.5125777721405029
H.Shift.r,0.15334773063659668
UD.n.l,0.22209644317626953
DD.l.Return,0.23573684692382812
H.period,0.10944366455078125
UD.period.t,0.33135986328125
H.o,0.06675982475280762
H.l,0.09732413291931152
subject,nilesh
H.t,0.12281966209411621
DD.a.n,0.06548404693603516
UD.a.n,0.20338940620422363
DD.t.i,0.29228758811950684
H.n,0.0550081729888916
UD.o.a,0.27915453910827637
DD.Shift.r.o,0.14425015449523926
rep,63
UD.l.Return,0.33306097984313965
UD.Shift.r.o,0.29759788513183594
DD.o.a,0.21239471435546875
H.i,0.06426858901977539
H.a,0.13790535926818848
UD.i.e,0.3377978801727295
DD.e.5,0.30600762367248535
UD.t.i,0.41510725021362305
H.e,0.10828924179077148
UD.e.5,0.41429686546325684
sessionIndex,1
H.Return,0.055077314376831055
H.five,0.10893654823303223
DD.period.t,0.22191619873046875
DD.i.e,0.2735292911529541
DD.n.l,0.16736769676208496
UD.five.Shift.r,0.5915453433990479
DD.five.Shift.r,0.4587874412536621
H.Shift.r,0.1485886573791504
UD.n.l,0.2343451976776123
DD.l.Return,0.23131895065307617
H.period,0.0854957103729248
UD.period.t,0.41565537452697754
H.o,0.06474828720092773
H.l,0.0997014045715332
subject,nilesh
H.t,0.10010719299316406
DD.a.n,0.08587074279785156
UD.a.n,0.2098548412322998
DD.t.i,0.11880064010620117
H.n,0.06697750091552734
UD.o.a,0.25470471382141113
DD.Shift.r.o,0.1552746295928955
rep,64
UD.l.Return,0.3310203552246094
UD.Shift.r.o,0.3038632869720459
DD.o.a,0.1899564266204834
H.i,0.07849979400634766
H.a,0.12398409843444824
UD.i.e,0.28977489471435547
DD.e.5,0.2982666492462158
UD.t.i,0.21890783309936523
H.e,0.12822294235229492
UD.e.5,0.42648959159851074
sessionIndex,1
H.Return,0.07234501838684082
H.five,0.13275790214538574
DD.period.t,0.33015966415405273
DD.i.e,0.2112751007080078
DD.n.l,0.21301722526550293
UD.five.Shift.r,0.6546227931976318
DD.five.Shift.r,0.557720422744751
H.Shift.r,0.13812637329101562
UD.n.l,0.28020381927490234
DD.l.Return,0.26288843154907227
H.period,0.05810976028442383
UD.period.t,0.37318873405456543
H.o,0.058252811431884766
H.l,0.09499239921569824
subject,nilesh
H.t,0.11460518836975098
DD.a.n,0.11191511154174805
UD.a.n,0.23377180099487305
DD.t.i,0.14387297630310059
H.n,0.06718659400939941
UD.o.a,0.23206758499145508
DD.Shift.r.o,0.19003987312316895
rep,65
UD.l.Return,0.3578808307647705
UD.Shift.r.o,0.32816624641418457
DD.o.a,0.1738147735595703
H.i,0.07320976257324219
H.a,0.121856689453125
UD.i.e,0.3293418884277344
DD.e.5,0.3307914733886719
UD.t.i,0.25847816467285156
H.e,0.11498308181762695
UD.e.5,0.44577455520629883
sessionIndex,1
H.Return,0.05952906608581543
H.five,0.09690237045288086
DD.period.t,0.3150789737701416
DD.i.e,0.2561321258544922
DD.n.l,0.17318391799926758
UD.five.Shift.r,0.5658595561981201
DD.five.Shift.r,0.4508187770843506
H.Shift.r,0.12799644470214844
UD.n.l,0.23260283470153809
DD.l.Return,0.24693775177001953
H.period,0.07621502876281738
UD.period.t,0.40540623664855957
H.o,0.06459546089172363
H.l,0.08624076843261719
subject,nilesh
H.t,0.12083601951599121
DD.a.n,0.07028436660766602
UD.a.n,0.1878652572631836
DD.t.i,0.12684392929077148
H.n,0.05941891670227051
UD.o.a,0.27309346199035645
DD.Shift.r.o,0.14391636848449707
rep,66
UD.l.Return,0.3331785202026367
UD.Shift.r.o,0.2719128131866455
DD.o.a,0.2084980010986328
H.i,0.07558560371398926
H.a,0.11758089065551758
UD.i.e,0.2467179298400879
DD.e.5,0.33472299575805664
UD.t.i,0.2476799488067627
H.e,0.1256885528564453
UD.e.5,0.46041154861450195
sessionIndex,1
H.Return,0.06395196914672852
H.five,0.11504077911376953
DD.period.t,0.3291912078857422
DD.i.e,0.17113232612609863
DD.n.l,0.18788790702819824
UD.five.Shift.r,0.6565165519714355
DD.five.Shift.r,0.5515000820159912
H.Shift.r,0.12353396415710449
UD.n.l,0.25282764434814453
DD.l.Return,0.25179433822631836
H.period,0.07916951179504395
UD.period.t,0.4083583354949951
H.o,0.06349468231201172
H.l,0.07796525955200195
subject,nilesh
H.t,0.12030243873596191
DD.a.n,0.11429190635681152
UD.a.n,0.21449780464172363
DD.t.i,0.16267085075378418
H.n,0.06493973731994629
UD.o.a,0.25751399993896484
DD.Shift.r.o,0.19588804244995117
rep,67
UD.l.Return,0.3297595977783203
UD.Shift.r.o,0.31942200660705566
DD.o.a,0.19401931762695312
H.i,0.06558966636657715
H.a,0.10020589828491211
UD.i.e,0.2929801940917969
DD.e.5,0.3144371509552002
UD.t.i,0.2829732894897461
H.e,0.1248316764831543
UD.e.5,0.4392688274383545
sessionIndex,1
H.Return,0.06263303756713867
H.five,0.10501646995544434
DD.period.t,0.32918882369995117
DD.i.e,0.22739052772521973
DD.n.l,0.17591381072998047
UD.five.Shift.r,0.7193052768707275
DD.five.Shift.r,0.6102406978607178
H.Shift.r,0.13998031616210938
UD.n.l,0.24624896049499512
DD.l.Return,0.24402761459350586
H.period,0.08282685279846191
UD.period.t,0.38986802101135254
H.o,0.07353591918945312
H.l,0.0829000473022461
subject,nilesh
H.t,0.1181635856628418
DD.a.n,0.10013413429260254
UD.a.n,0.204620361328125
DD.t.i,0.16051697731018066
H.n,0.07033514976501465
UD.o.a,0.23623132705688477
DD.Shift.r.o,0.20270705223083496
rep,68
UD.l.Return,0.32692766189575195
UD.Shift.r.o,0.34268736839294434
DD.o.a,0.16269540786743164
H.i,0.07061481475830078
H.a,0.10448622703552246
UD.i.e,0.2919349670410156
DD.e.5,0.29642438888549805
UD.t.i,0.27868056297302246
H.e,0.10935568809509277
UD.e.5,0.4057800769805908
sessionIndex,1
H.Return,0.06489849090576172
H.five,0.10906457901000977
DD.period.t,0.3070411682128906
DD.i.e,0.22132015228271484
DD.n.l,0.22102093696594238
UD.five.Shift.r,0.8280937671661377
DD.five.Shift.r,0.7027912139892578
H.Shift.r,0.12549471855163574
UD.n.l,0.23187971115112305
DD.l.Return,0.26033759117126465
H.period,0.0870521068572998
UD.period.t,0.36911725997924805
H.o,0.07932281494140625
H.l,0.09396815299987793
subject,nilesh
H.t,0.13856744766235352
DD.a.n,0.05257463455200195
UD.a.n,0.17255783081054688
DD.t.i,0.15879321098327637
H.n,0.010858774185180664
UD.o.a,0.2254490852355957
DD.Shift.r.o,0.2305598258972168
rep,69
UD.l.Return,0.3543057441711426
UD.Shift.r.o,0.35605454444885254
DD.o.a,0.14612627029418945
H.i,0.07128787040710449
H.a,0.11998319625854492
UD.i.e,0.2797567844390869
DD.e.5,0.36630892753601074
UD.t.i,0.2973606586456299
H.e,0.12475991249084473
UD.e.5,0.49106884002685547
sessionIndex,1
H.Return,0.08923983573913574
H.five,0.12530255317687988
DD.period.t,0.28206515312194824
DD.i.e,0.20846891403198242
DD.n.l,0.16046977043151855
UD.five.Shift.r,0.5298268795013428
DD.five.Shift.r,0.43337249755859375
H.Shift.r,0.13127350807189941
UD.n.l,0.22167301177978516
DD.l.Return,0.2215263843536377
H.period,0.07845473289489746
UD.period.t,0.39580225944519043
H.o,0.08773374557495117
H.l,0.09436869621276855
subject,nilesh
H.t,0.12921643257141113
DD.a.n,0.07167410850524902
UD.a.n,0.1813974380493164
DD.t.i,0.17988038063049316
H.n,0.0612032413482666
UD.o.a,0.2988135814666748
DD.Shift.r.o,0.11357665061950684
rep,70
UD.l.Return,0.31589508056640625
UD.Shift.r.o,0.24485015869140625
DD.o.a,0.21107983589172363
H.i,0.09465956687927246
H.a,0.10972332954406738
UD.i.e,0.28261494636535645
DD.e.5,0.3041062355041504
UD.t.i,0.3090968132019043
H.e,0.14655685424804688
UD.e.5,0.45066308975219727
sessionIndex,1
H.Return,0.07258057594299316
H.five,0.09645438194274902
DD.period.t,0.31734752655029297
DD.i.e,0.18795537948608398
